{
    "name": "root",
    "gauges": {
        "MoveToGoal.Policy.Entropy.mean": {
            "value": 1.3949486017227173,
            "min": 1.3949486017227173,
            "max": 1.3949486017227173,
            "count": 1
        },
        "MoveToGoal.Policy.Entropy.sum": {
            "value": 15009.646484375,
            "min": 15009.646484375,
            "max": 15009.646484375,
            "count": 1
        },
        "MoveToGoal.Environment.EpisodeLength.mean": {
            "value": 131.82608695652175,
            "min": 131.82608695652175,
            "max": 131.82608695652175,
            "count": 1
        },
        "MoveToGoal.Environment.EpisodeLength.sum": {
            "value": 9096.0,
            "min": 9096.0,
            "max": 9096.0,
            "count": 1
        },
        "MoveToGoal.Step.mean": {
            "value": 9997.0,
            "min": 9997.0,
            "max": 9997.0,
            "count": 1
        },
        "MoveToGoal.Step.sum": {
            "value": 9997.0,
            "min": 9997.0,
            "max": 9997.0,
            "count": 1
        },
        "MoveToGoal.Policy.ExtrinsicValueEstimate.mean": {
            "value": -0.19581246376037598,
            "min": -0.19581246376037598,
            "max": -0.19581246376037598,
            "count": 1
        },
        "MoveToGoal.Policy.ExtrinsicValueEstimate.sum": {
            "value": -40.33736801147461,
            "min": -40.33736801147461,
            "max": -40.33736801147461,
            "count": 1
        },
        "MoveToGoal.Environment.CumulativeReward.mean": {
            "value": -0.4782608695652174,
            "min": -0.4782608695652174,
            "max": -0.4782608695652174,
            "count": 1
        },
        "MoveToGoal.Environment.CumulativeReward.sum": {
            "value": -33.0,
            "min": -33.0,
            "max": -33.0,
            "count": 1
        },
        "MoveToGoal.Policy.ExtrinsicReward.mean": {
            "value": -0.4782608695652174,
            "min": -0.4782608695652174,
            "max": -0.4782608695652174,
            "count": 1
        },
        "MoveToGoal.Policy.ExtrinsicReward.sum": {
            "value": -33.0,
            "min": -33.0,
            "max": -33.0,
            "count": 1
        },
        "MoveToGoal.Losses.PolicyLoss.mean": {
            "value": 0.246005710430261,
            "min": 0.246005710430261,
            "max": 0.246005710430261,
            "count": 1
        },
        "MoveToGoal.Losses.PolicyLoss.sum": {
            "value": 17.22039973011827,
            "min": 17.22039973011827,
            "max": 17.22039973011827,
            "count": 1
        },
        "MoveToGoal.Losses.ValueLoss.mean": {
            "value": 0.011619865800883204,
            "min": 0.011619865800883204,
            "max": 0.011619865800883204,
            "count": 1
        },
        "MoveToGoal.Losses.ValueLoss.sum": {
            "value": 0.8133906060618242,
            "min": 0.8133906060618242,
            "max": 0.8133906060618242,
            "count": 1
        },
        "MoveToGoal.Policy.LearningRate.mean": {
            "value": 0.00029677460678941714,
            "min": 0.00029677460678941714,
            "max": 0.00029677460678941714,
            "count": 1
        },
        "MoveToGoal.Policy.LearningRate.sum": {
            "value": 0.0207742224752592,
            "min": 0.0207742224752592,
            "max": 0.0207742224752592,
            "count": 1
        },
        "MoveToGoal.Policy.Epsilon.mean": {
            "value": 0.19892486857142858,
            "min": 0.19892486857142858,
            "max": 0.19892486857142858,
            "count": 1
        },
        "MoveToGoal.Policy.Epsilon.sum": {
            "value": 13.9247408,
            "min": 13.9247408,
            "max": 13.9247408,
            "count": 1
        },
        "MoveToGoal.Policy.Beta.mean": {
            "value": 0.000494731856,
            "min": 0.000494731856,
            "max": 0.000494731856,
            "count": 1
        },
        "MoveToGoal.Policy.Beta.sum": {
            "value": 0.034631229920000006,
            "min": 0.034631229920000006,
            "max": 0.034631229920000006,
            "count": 1
        },
        "MoveToGoal.IsTraining.mean": {
            "value": 1.0,
            "min": 1.0,
            "max": 1.0,
            "count": 1
        },
        "MoveToGoal.IsTraining.sum": {
            "value": 1.0,
            "min": 1.0,
            "max": 1.0,
            "count": 1
        }
    },
    "metadata": {
        "timer_format_version": "0.1.0",
        "start_time_seconds": "1662130753",
        "python_version": "3.7.0 (v3.7.0:1bf9cc5093, Jun 27 2018, 04:59:51) [MSC v.1914 64 bit (AMD64)]",
        "command_line_arguments": "C:\\Users\\Usuario\\Documents\\Proyectos Unity\\Reinforcement Learning\\venv\\Scripts\\mlagents-learn Config\\MoveToGoal.yaml --run-id=Portfolio2",
        "mlagents_version": "0.28.0",
        "mlagents_envs_version": "0.28.0",
        "communication_protocol_version": "1.5.0",
        "pytorch_version": "1.7.0+cu110",
        "numpy_version": "1.21.6",
        "end_time_seconds": "1662130856"
    },
    "total": 102.4496317,
    "count": 1,
    "self": 0.007699799999997481,
    "children": {
        "run_training.setup": {
            "total": 0.11170780000000002,
            "count": 1,
            "self": 0.11170780000000002
        },
        "TrainerController.start_learning": {
            "total": 102.3302241,
            "count": 1,
            "self": 0.028114999999786505,
            "children": {
                "TrainerController._reset_env": {
                    "total": 12.894466900000001,
                    "count": 1,
                    "self": 12.894466900000001
                },
                "TrainerController.advance": {
                    "total": 89.3087924000002,
                    "count": 1069,
                    "self": 0.026446299999960843,
                    "children": {
                        "env_step": {
                            "total": 29.937567199999926,
                            "count": 1069,
                            "self": 26.732380300000038,
                            "children": {
                                "SubprocessEnvManager._take_step": {
                                    "total": 3.189578799999982,
                                    "count": 1069,
                                    "self": 0.0927566999998728,
                                    "children": {
                                        "TorchPolicy.evaluate": {
                                            "total": 3.096822100000109,
                                            "count": 997,
                                            "self": 1.689989999999984,
                                            "children": {
                                                "TorchPolicy.sample_actions": {
                                                    "total": 1.4068321000001252,
                                                    "count": 997,
                                                    "self": 1.4068321000001252
                                                }
                                            }
                                        }
                                    }
                                },
                                "workers": {
                                    "total": 0.015608099999905534,
                                    "count": 1068,
                                    "self": 0.0,
                                    "children": {
                                        "worker_root": {
                                            "total": 83.04005199999989,
                                            "count": 1068,
                                            "is_parallel": true,
                                            "self": 66.0134153000002,