{
    "name": "root",
    "metadata": {
        "timer_format_version": "0.1.0",
        "start_time_seconds": "1660569182",
        "python_version": "3.7.0 (v3.7.0:1bf9cc5093, Jun 27 2018, 04:59:51) [MSC v.1914 64 bit (AMD64)]",
        "command_line_arguments": "C:\\Users\\Usuario\\Documents\\Proyectos Unity\\Reinforcement Learning\\venv\\Scripts\\mlagents-learn --run-id=Test2",
        "mlagents_version": "0.28.0",
        "mlagents_envs_version": "0.28.0",
        "communication_protocol_version": "1.5.0",
        "pytorch_version": "1.7.0+cu110",
        "numpy_version": "1.21.6",
        "end_time_seconds": "1660569282"
    },
    "total": 100.06594550000001,
    "count": 1,
    "self": 0.010481000000012841,
    "children": {
        "run_training.setup": {
            "total": 0.10813189999999984,
            "count": 1,
            "self": 0.10813189999999984
        },
        "TrainerController.start_learning": {
            "total": 99.9473326,
            "count": 1,
            "self": 0.03468389999993349,
            "children": {
                "TrainerController._reset_env": {
                    "total": 11.0096612,
                    "count": 1,
                    "self": 11.0096612
                },
                "TrainerController.advance": {
                    "total": 88.75324050000008,
                    "count": 1617,
                    "self": 0.0372714000001082,
                    "children": {
                        "env_step": {
                            "total": 88.51219359999996,
                            "count": 1617,
                            "self": 79.99878400000009,
                            "children": {
                                "SubprocessEnvManager._take_step": {
                                    "total": 8.490990299999979,
                                    "count": 1617,
                                    "self": 0.12221649999999684,
                                    "children": {
                                        "TorchPolicy.evaluate": {
                                            "total": 8.368773799999982,
                                            "count": 1617,
                                            "self": 3.7923211999999715,
                                            "children": {
                                                "TorchPolicy.sample_actions": {
                                                    "total": 4.57645260000001,
                                                    "count": 1617,
                                                    "self": 4.57645260000001
                                                }
                                            }
                                        }
                                    }
                                },
                                "workers": {
                                    "total": 0.022419299999892672,
                                    "count": 1616,
                                    "self": 0.0,
                                    "children": {
                                        "worker_root": {
                                            "total": 28.3939319,
                                            "count": 1616,
                                            "is_parallel": true,
                                            "self": 12.240100000000215,
                                            "children": {
                                                "steps_from_proto": {
                                                    "total": 0.0006064999999999543,
                                                    "count": 1,
                                                    "is_parallel": true,
                                                    "self": 0.0003010000000003288,
                                                    "children": {
                                                        "_process_rank_one_or_two_observation": {
                                                            "total": 0.0003054999999996255,
                                                            "count": 2,
                                                            "is_parallel": true,
                                                            "self": 0.0003054999999996255
                                                        }
                                                    }
                                                },
                                                "UnityEnvironment.step": {
                                                    "total": 16.153225399999783,
                                                    "count": 1616,
                                                    "is_parallel": true,
                                                    "self": 0.152472999999695,
                                                    "children": {
                                                        "UnityEnvironment._generate_step_input": {
                                                            "total": 0.13654559999998206,
                                                            "count": 1616,
                                                            "is_parallel": true,
                                                            "self": 0.13654559999998206
                                                        },
                                                        "communicator.exchange": {
                                                            "total": 15.335859400000002,
                                                            "count": 1616,
                                                            "is_parallel": true,
                                                            "self": 15.335859400000002
                                                        },
                                                        "steps_from_proto": {
                                                            "total": 0.528347400000106,
                                                            "count": 1616,
                                                            "is_parallel": true,
                                                            "self": 0.35043470000016974,
                                                            "children": {
                                                                "_process_rank_one_or_two_observation": {
                                                                    "total": 0.1779126999999363,
                                                                    "count": 3232,
                                                                    "is_parallel": true,
                                                                    "self": 0.1779126999999363
                                                                }
                                                            }
                                                        }
                                                    }
                                                }
                                            }
                                        }
                                    }
                                }
                            }
                        },
                        "trainer_advance": {
                            "total": 0.20377550000000078,
                            "count": 1616,
                            "self": 0.04252270000001879,
                            "children": {
                                "process_trajectory": {
                                    "total": 0.161252799999982,
                                    "count": 1616,
                                    "self": 0.161252799999982
                                }
                            }
                        }
                    }
                },